year,exporter,trade_value_usd,net_weight_kg
2014,Brazil,6051932501.0,1987864248.644
2014,Viet Nam,3311395624.0,1646310766.0
2014,Colombia,2516694337.0,623367976.0
2014,Germany,2487709830.728,542484727.174
2014,Switzerland,2212292728.913,58296834.0
2014,Italy,1503155555.0,174492567.0
2014,Indonesia,1039609487.0,384827677.0
2014,USA,958674259.0,148651033.0
2014,France,803200077.0,29412558.0
2014,Honduras,783268307.0,242082500.0
2014,Peru,749468150.11,185418294.5
2014,Guatemala,668047471.0,183805480.0
2014,Ethiopia,647407327.285,154654450.45
2014,India,540178830.0,197329076.0
2014,Netherlands,529375889.92,79378552.679
2014,Canada,467493262.0,53705798.0
2014,Uganda,410064425.0,212107997.0
2014,Poland,409987390.0,66065534.0
2014,Mexico,401148164.0,7928991.872
2014,Nicaragua,399510971.0,115173761.0
2014,United Kingdom,383298568.0,27149036.0
2014,Costa Rica,284455138.0,74521563.0
2014,Spain,272712997.609,38299456.603
2014,Belgium,247208493.727,38506790.481
2014,Czechia,230881307.0,32795167.0
2014,China,222424212.0,71720471.0
2014,Sweden,170517798.298,24701806.808
2014,Slovakia,145060550.637,20957523.0
2014,Austria,129955423.262,15576003.434
2014,United Rep. of Tanzania,123601977.0,47686839.0
2014,C�te d'Ivoire,116168328.25199999,68695408.005
2014,El Salvador,110602945.60000001,28300842.27
2014,Hungary,89972292.0,14880163.0
2014,Portugal,76955552.0,11593968.0
2014,Lao People's Dem. Rep.,67883824.0,22701612.0
2014,Bulgaria,67508345.0,12581543.0
2014,Cameroon,63900004.0,31177013.0
2014,Rwanda,60827005.629999995,16262284.8
2014,Luxembourg,55604616.0,7797638.0
2014,Finland,55222829.0,9603907.0
2014,Burundi,51682078.0,14229411.0
2014,Lithuania,50652986.0,5928842.0
2014,Russian Federation,43005998.0,8290892.0
2014,Singapore,40187203.872999996,6080877.02
2014,Denmark,35455947.0,4204979.0
2014,Panama,28238700.0,3902456.312
2014,Latvia,28161739.156,3912361.528
2014,Ecuador,25249907.0,9038849.0
2014,South Africa,21378338.505,4919732.85
2014,Lebanon,20381674.0,2568993.0
2014,Australia,19472126.0,2691944.0
2014,Bolivia (Plurinational State of),16594230.52,3571324.16
2014,Togo,16011930.656,7887172.0
2014,Slovenia,15840616.0,2391329.0
2014,Jamaica,15779805.976,548257.26
2014,Madagascar,15746325.929,8869492.46
2014,Greece,15037935.0,4891799.0
2014,Yemen,14952188.0,4069097.0
2014,T�rkiye,13846339.0,3669090.0
2014,United Arab Emirates,12255889.182,5134511.84
2014,Dominican Rep.,11461368.839,2524114.183
2014,Croatia,11026936.0,1596931.0
2014,Estonia,10801158.0,1339871.0
2014,Jordan,10672242.0,2817669.0
2014,Ireland,10467901.046,2092845.077
2014,Romania,10331714.0,1342704.0
2014,"China, Hong Kong SAR",10247006.0,2400881.0
2014,Malaysia,9519931.0,5915077.0
2014,Japan,8335233.0,622221.0
2014,Saudi Arabia,7845521.0,2905000.0
2014,Norway,6933744.0,656076.0
2014,Serbia,6014595.0,1006046.0
2014,Bosnia Herzegovina,4747964.0,973839.0
2014,Armenia,4629216.0,1124249.0
2014,Malawi,4590819.318,1167337.88
2014,Rep. of Korea,4514287.0,587719.603
2014,"Other Asia, nes",4340595.0,551531.0
2014,Guinea,4186284.0,3360128.0
2014,Thailand,3605385.0,600331.0
2014,Israel,3393000.0,516864.0
2014,State of Palestine,2968311.0,344197.0
2014,New Zealand,2683988.085,310253.0
2014,Myanmar,2172369.3,1531150.0
2014,Zimbabwe,1966855.4,806668.4
2014,Ukraine,1460164.0,256849.0
2014,North Macedonia,1411282.0,250242.0
2014,Argentina,1393480.39,152765.01
2014,"China, Macao SAR",1291169.67,38778.0
2014,Cyprus,1285747.181,265138.0
2014,Angola,1214640.0,571875008.0
2014,Zambia,770475.861,220819.63700000002
2014,Montenegro,683081.0,120487.0
2014,Belarus,676600.0,100894.0
2014,Nepal,536445.0,63293.0
2014,Bahrain,488280.0,40446.0
2014,Namibia,371852.0,100470.0
2014,Kuwait,364772.0,84387.0
2014,Georgia,290157.0,138100.0
2014,Haiti,265680.24199999997,39289.34
2014,Trinidad and Tobago,249284.48200000002,27811.0
2014,Sierra Leone,244588.0,7000.0
2014,Sri Lanka,228021.0,56952.0
2014,Morocco,187797.0,31858.0
2014,Albania,149444.0,19349.0
2014,Belize,146986.0,94698.0
2014,Mauritius,143405.0,7199.0
2014,Ghana,141554.138,104896.65000000001
2014,Rep. of Moldova,127029.0,8550.0
2014,Egypt,114303.0,12007.0
2014,Burkina Faso,94564.10100000001,424573.0
2014,Senegal,93900.0,30931.0
2014,Iceland,85819.0,10651.0
2014,Tunisia,84489.0,3377.0
2014,Oman,71609.876,28511.0
2014,Saint Lucia,67718.0,7323.0
2014,Fiji,50548.0,5383.0
2014,Cabo Verde,46511.333,6390.0
2014,Sao Tome and Principe,40717.0,10601.0
2014,Malta,39232.0,1699.0
2014,Nigeria,28940.0,10146.0
2014,Comoros,28528.723,320.0
2014,Botswana,26123.626,336.2
2014,Philippines,23869.0,6562.0
2014,Kazakhstan,23718.0,2592.0
2014,New Caledonia,21939.0,2042.0
2014,Aruba,19261.0,1179.0
2014,Gambia,16291.148000000001,1288.0
2014,Chile,16196.220000000001,1311.4289999999999
2014,Eswatini,14726.981,9205.0
2014,Algeria,14578.0,5246.0
2014,Central African Rep.,13247.0,3000.0
2014,Pakistan,11697.0,4251.0
2014,Barbados,11074.0,714.0
2014,Niger,11065.0,26916.0
2014,French Polynesia,10661.0,644.0
2014,Iran,10561.7,2020.4
2014,Gabon,8878.662,2926.0
2014,Paraguay,4569.0,1220.0
2014,Mozambique,4040.0,204.0
2014,Lesotho,3927.61,294.0
2014,Brunei Darussalam,3545.0,252.0
2014,Cambodia,2513.0,250.0
2014,Saint Kitts and Nevis,2446.0,1775.0
2014,Uruguay,1881.0,310.0
2014,Kyrgyzstan,1478.0,180.0
2014,Bermuda,1289.0,84.0
2014,Solomon Isds,949.36,180.0
2014,Tonga,388.0,67.0
2014,Benin,204.0,200.0
2014,Congo,135.613,4.0
2014,Andorra,72.89,9.0
2014,Antigua and Barbuda,28.0,14.0
2015,Brazil,5564990043.0,2006522496.0
2015,Colombia,2576546113.0,717944849.0
2015,Viet Nam,2415422839.0,1283739022.0
2015,Germany,2255355654.446,527764247.242
2015,Switzerland,2015821985.81,62289229.923
2015,Italy,1398353920.054,184575767.0
2015,Indonesia,1197735058.0,502020679.0
2015,USA,949991894.0,127356416.0
2015,Honduras,932274300.0,285367859.0
2015,France,706571867.0,30081728.0
2015,Guatemala,664022835.0,183571915.0
2015,Ethiopia,651460047.46,163024792.24
2015,Peru,613682907.26,184927087.34
2015,India,540737815.0,210715069.0
2015,Netherlands,533911635.5,82919492.196
2015,Canada,524104686.60499996,58498891.0
2015,Poland,518299150.0,84894141.0
2015,Czechia,457575376.0,60500454.0
2015,Uganda,402633631.0,219882745.0
2015,Nicaragua,396537038.0,106759262.0
2015,Mexico,362101097.0,3232998.058
2015,United Kingdom,353074295.0,29231396.0
2015,Costa Rica,309703449.0,69093145.0
2015,Spain,268053736.711,40722910.675
2015,Belgium,232249915.88099998,43209432.239
2015,China,227227575.0,66427001.908
2015,Kenya,210484840.93,44726918.29
2015,Slovakia,192592971.204,30124427.141
2015,United Rep. of Tanzania,158233880.0,58752780.0
2015,El Salvador,149169626.97,35044824.89
2015,Sweden,134149788.646,21328620.625
2015,Austria,107261986.99,15001986.0
2015,C�te d'Ivoire,102659025.553,65580239.001
2015,Portugal,71090385.045,11751363.423
2015,Bulgaria,70435854.0,14036675.0
2015,Rwanda,64064695.278,19254431.0
2015,Lao People's Dem. Rep.,58724250.0,17260017.0
2015,Lithuania,55484759.0,7843164.0
2015,Finland,53893797.0,11878363.0
2015,Cameroon,53023882.0,28374959.0
2015,Luxembourg,47639153.0,7539561.0
2015,Hungary,45366464.0,9190915.0
2015,Burundi,38444969.0,13069746.0
2015,Denmark,35850304.0,4666083.0
2015,Singapore,33264538.454,4799225.277
2015,Panama,28838332.0,3328522.555
2015,Russian Federation,28407432.0,5477390.0
2015,Jamaica,26966288.0,598503.0
2015,Australia,22959405.0,3351988.0
2015,Lebanon,22071610.579,2835205.0
2015,Latvia,21219043.035,3501055.528
2015,United Arab Emirates,21045885.393,6002525.68
2015,Greece,21028653.0,5990269.0
2015,South Africa,20879835.365,4914884.312
2015,Ecuador,19858013.0,6467644.0
2015,Togo,19522527.598,10923455.0
2015,Ireland,17091650.559,2688388.245
2015,Japan,16939182.0,1638178.0
2015,Dem. Rep. of the Congo,16550996.889,9318935.0
2015,Slovenia,15940587.0,2826311.0
2015,Yemen,14883639.0,4823801.0
2015,T�rkiye,12906699.0,2759099.0
2015,Guinea,11520642.0,10528492.0
2015,Croatia,11349532.0,2119168.0
2015,Bolivia (Plurinational State of),10188932.19,1821405.79
2015,Malaysia,9894320.0,9026766.0
2015,Dominican Rep.,8818605.36,1248993.267
2015,Jordan,8511102.0,1650164.0
2015,"China, Hong Kong SAR",7880554.225,1114665.0
2015,Saudi Arabia,7602620.478,2486972.0
2015,Israel,6534000.0,928098.286
2015,Norway,5797697.0649999995,574968.0
2015,"Other Asia, nes",5796528.0,913800.0
2015,Serbia,5780252.0,1120708.0
2015,Romania,5758022.0,688268.0
2015,Bosnia Herzegovina,5301574.0,1241974.0
2015,Madagascar,5217906.086,3062557.38
2015,Armenia,5142577.0,1313024.0
2015,State of Palestine,4531905.0,449133.0
2015,Sierra Leone,4461507.0,308997.0
2015,Rep. of Korea,4199459.0,345060.0
2015,Thailand,3901626.29,652739.4
2015,Malawi,3841417.852,991284.95
2015,New Zealand,3689150.964,472774.0
2015,Estonia,3494419.0,620565.0
2015,Kuwait,2180645.073,268762.0
2015,Myanmar,1866231.9,1347920.0
2015,Argentina,1509682.24,170892.25
2015,Zimbabwe,1419274.44,431842.2
2015,North Macedonia,1225847.57,246435.0
2015,Nepal,1129115.0,111604.0
2015,Angola,1100606.45,396640.0
2015,"China, Macao SAR",1095459.0,271585.0
2015,Ukraine,916939.0,134077.0
2015,Belize,772160.0,377595.0
2015,Philippines,683898.0,105171.0
2015,Georgia,645454.25,306198.0
2015,Ghana,620480.77,199540.51
2015,Zambia,606960.808,203816.165
2015,Cyprus,606822.617,54882.0
2015,Montenegro,586993.0,129695.0
2015,Belarus,541200.0,227547.0
2015,Malta,471550.0,50709.0
2015,Rep. of Moldova,468650.0,46398.0
2015,Haiti,434519.007,51016.9
2015,Bahrain,339613.578,34096.85
2015,Albania,244590.0,33933.0
2015,Trinidad and Tobago,215580.687,27440.739999999998
2015,Burkina Faso,207630.189,1676100.0
2015,Oman,199188.538,114077.0
2015,Sri Lanka,176652.0,23605.0
2015,Central African Rep.,146847.0,234000.0
2015,Tunisia,146077.0,18052.0
2015,Senegal,140470.0,30429.0
2015,Morocco,134190.91199999998,47812.75
2015,Gambia,87969.07400000001,7996.0
2015,Egypt,82782.989,18479.839
2015,Cabo Verde,80511.636,8735.0
2015,Saint Lucia,72316.0,5899.0
2015,Iceland,65403.0,6843.0
2015,Fiji,46519.312,4124.5
2015,Niger,45225.0,29920.0
2015,Pakistan,44989.0,5538.0
2015,Botswana,43454.388,2216.79
2015,Iran,39179.0,3632.0
2015,Mauritius,29227.0,3430.0
2015,New Caledonia,24646.0,1990.0
2015,Barbados,24087.0,922.0
2015,Grenada,22722.2,919.0
2015,Sao Tome and Principe,20285.0,4366.0
2015,Qatar,19135.464,0.0
2015,Algeria,18045.0,3169.0
2015,Chile,13472.72,1920.5929999999998
2015,Kazakhstan,11079.0,5243.0
2015,Antigua and Barbuda,11029.0,151.0
2015,Namibia,10691.0,11458.0
2015,Comoros,9981.77,59.0
2015,French Polynesia,8348.0,306.0
2015,Cambodia,5404.0,1890.0
2015,Mozambique,3520.55,642.0
2015,Eswatini,1721.6960000000001,320.158
2015,Kyrgyzstan,1154.0,63.0
2015,Aruba,1107.0,48.0
2015,Lesotho,713.914,13.0
2015,Uruguay,684.0,115.0
2015,Bermuda,315.0,44.0
2015,Saint Vincent and the Grenadines,280.274,25.0
2015,Brunei Darussalam,117.0,16.0
2015,Bahamas,25.0,2.0
2015,Solomon Isds,25.0,3.0
2016,Brazil,4855627643.0,1825958794.178
2016,Viet Nam,3040194879.72,1705152211.802
2016,Colombia,2462525552.0,739529803.0
2016,Germany,2327921976.664,566788939.515
2016,Switzerland,2045344118.438,67562691.431
2016,Italy,1536395910.6430001,210724146.0
2016,Indonesia,1008549108.0,414651151.0
2016,USA,933147219.0,130440003.0
2016,Honduras,859081683.0,310058561.0
2016,Peru,762556922.51,241260110.116
2016,France,743771086.0,34862362.0
2016,Guatemala,651139121.0,182867300.0
2016,Ethiopia,611874782.8690001,159814586.78
2016,Netherlands,577716357.901,93416642.343
2016,Canada,553455125.1060001,63443191.952
2016,India,549868370.0,251424190.0
2016,China,528455784.0,98746192.236
2016,Nicaragua,405001983.99,118592068.48
2016,Uganda,371673982.0,210740588.0
2016,Poland,368161370.0,65159880.0
2016,United Kingdom,341807424.0,38424716.0
2016,Costa Rica,310669517.0,75889605.0
2016,Czechia,294584669.0,39240083.0
2016,Mexico,292319269.0,11521798.004
2016,Belgium,274907515.793,56540286.353
2016,Spain,262307073.941,49036858.708
2016,Kenya,212470188.19,46371469.59
2016,Slovakia,200423719.512,33399100.0
2016,United Rep. of Tanzania,151983808.0,58116840.0
2016,Sweden,136718603.3,24319750.375
2016,C�te d'Ivoire,113322784.27000001,73402876.0
2016,El Salvador,109427751.37,29366152.1
2016,Austria,89183314.414,12581763.475
2016,Portugal,86136354.411,13589982.076
2016,Bulgaria,83917359.005,17194647.0
2016,Lithuania,68110716.0,9580088.634
2016,Lao People's Dem. Rep.,67002379.0,23659627.0
2016,Rwanda,59701309.104,18839622.0
2016,Finland,57262574.0,13568799.0
2016,Luxembourg,50951797.0,8427301.0
2016,Hungary,50569049.0,1800896.4
2016,Cameroon,48557705.0,33001860.0
2016,Burundi,45273760.0,16946782.0
2016,Denmark,38086869.797,4880663.0
2016,Singapore,36914968.022,5886555.169
2016,Jamaica,29701577.0,593698.0
2016,Australia,28253122.0,4291046.0
2016,Latvia,28237702.115000002,4662733.436
2016,Russian Federation,26555829.42,4951724.13
2016,Panama,26234035.0,2958837.996
2016,Japan,25012125.0,2116955.0
2016,Greece,24266053.0,7588848.0
2016,Ireland,23346920.941,3748286.062
2016,"China, Hong Kong SAR",22239623.502,4282877.0
2016,Lebanon,20970132.0,2600667.0
2016,Slovenia,20566060.56,4368190.4
2016,Dem. Rep. of the Congo,19944929.151,11719763.0
2016,Guinea,19834797.25,16412874.882
2016,South Africa,19479176.971,4506653.36
2016,Croatia,19330804.0,4058111.0
2016,Ecuador,19020126.0,5289229.0
2016,United Arab Emirates,16180024.68,5645123.95
2016,T�rkiye,12881979.0,2825828.0
2016,Malaysia,10466958.0,9371064.0
2016,Romania,9408937.0,1367486.0
2016,Dominican Rep.,9252720.332,1331658.556
2016,Jordan,9089922.0,1839710.0
2016,Norway,7798800.0,930599.0
2016,Bolivia (Plurinational State of),7724176.71,1331516.48
2016,Madagascar,7349654.02,4537766.36
2016,Togo,6956381.53,4202071.0
2016,Estonia,6763962.27,1427833.2
2016,Serbia,6600063.0,1176044.0
2016,"Other Asia, nes",6540986.0,1066896.0
2016,Israel,5752000.0,672769.0
2016,Cuba,5168667.76,987511.95
2016,Saudi Arabia,5067809.266,1298000.0
2016,Bosnia Herzegovina,4908876.0,1166244.0
2016,Sierra Leone,3843610.0,3961265.0
2016,Armenia,3807479.0,858921.0
2016,Thailand,3530605.9,520061.582
2016,Rep. of Korea,3323171.0,410148.0
2016,Malawi,3172463.675,874091.0
2016,New Zealand,2993221.494,402150.0
2016,State of Palestine,2667825.0,293708.0
2016,North Macedonia,2199078.56,419694.0
2016,Zimbabwe,1865289.77,668689.15
2016,Zambia,1530524.6060000001,481443.43299999996
2016,Ghana,1442774.0,453251.0
2016,Myanmar,1441625.07,695635.0
2016,Kuwait,1216196.373,166864.0
2016,Argentina,1193229.1,151087.78
2016,Angola,1136970.0,399198.49
2016,Ukraine,917995.24,161989.32
2016,Nepal,758723.772,82319.79
2016,Belarus,735100.0,325572.0
2016,Morocco,727564.0,136964.0
2016,Cyprus,693577.672,62027.0
2016,Haiti,678318.919,77564.206
2016,Belize,608952.0,223433.0
2016,Montenegro,537377.328,121943.2
2016,Gambia,475712.445,1883.0
2016,Oman,463732.07800000004,130317.0
2016,Malta,442636.0,73776.0
2016,Comoros,395014.591,26344.0
2016,Albania,366112.0,36829.0
2016,Trinidad and Tobago,329836.705,43334.0
2016,Bahrain,312668.357,38676.75
2016,Egypt,210083.632,31434.361
2016,Senegal,174200.0,49480.0
2016,Philippines,164244.0,41830.0
2016,Niger,153274.98,156341.0
2016,Burkina Faso,142466.0,963152.0
2016,Sri Lanka,141002.0,13718.0
2016,Rep. of Moldova,120452.0,9075.978
2016,Georgia,111823.22,45238.67
2016,Tunisia,102019.0,5117.0
2016,Grenada,84735.471,8000.0
2016,Chile,81752.002,11761.0
2016,Mauritius,69373.469,6726.0
2016,Fiji,61606.739,5412.54
2016,Iceland,61406.0,3601.0
2016,Saint Lucia,52995.0,10825.0
2016,Botswana,48268.0,6088.0
2016,Cabo Verde,39492.0,3540.0
2016,Qatar,34176.194,0.0
2016,Antigua and Barbuda,25561.0,467.0
2016,Mali,23728.0,9470.0
2016,Cambodia,16851.0,5209.0
2016,Aruba,15873.11,1597.502
2016,Namibia,12470.0,1839.0
2016,Guyana,7309.0,523.0
2016,Mozambique,6963.11,679.0
2016,French Polynesia,6924.2660000000005,213.0
2016,Libya,6830.0,882.0
2016,Pakistan,6556.0,28171.0
2016,Algeria,6223.0,1116.0
2016,Andorra,5853.797,344.0
2016,Kazakhstan,4823.0,5456.0
2016,Iran,4250.0,877.0
2016,Sao Tome and Principe,4243.0,1188.0
2016,Paraguay,3675.0,550.0
2016,Mongolia,1829.0,336.0
2016,Bhutan,1473.653,3300.0
2016,Dominica,1383.702,205.0
2016,Eswatini,1118.243,414.57
2016,Congo,742.284,400.0
2016,Barbados,580.0,684.0
2016,Lesotho,521.238,107.77
2016,Kyrgyzstan,360.0,25.0
2016,Samoa,351.0,28.0
2016,Brunei Darussalam,217.0,2.0
2016,Solomon Isds,181.0,66.0
2016,Uruguay,178.0,5.0
2016,Bahamas,100.0,5.443
2016,Bangladesh,89.603,14.0
2017,Brazil,4613488509.0,1649487473.444
2017,Viet Nam,3101426983.0,1466204987.561
2017,Germany,2642983749.367,581289284.537
2017,Colombia,2582564703.9,720911235.5
2017,Switzerland,2249940546.114,72520362.314
2017,Italy,1630492010.106,219486488.0
2017,Honduras,1292024030.59,431493502.68
2017,Indonesia,1186886472.39,467787775.761
2017,France,1064557051.665,47754441.206
2017,USA,872858201.0,121743042.0
2017,Ethiopia,782659272.733,194329756.8
2017,Guatemala,748581755.0,203539092.0
2017,Netherlands,732776711.012,110537342.816
2017,Peru,710054276.18,246019005.64
2017,India,638406336.42,263699290.396
2017,Canada,617235290.671,65144452.413
2017,Uganda,555454424.8199999,287113263.0
2017,Nicaragua,512452449.05,147457177.54999998
2017,Mexico,392794902.0,1191151.236
2017,United Kingdom,360040622.158,34283112.014
2017,Costa Rica,328522123.195,69512554.536
2017,Poland,320398931.0,57385431.449
2017,Belgium,310992279.096,60604364.37
2017,Spain,280624192.069,50145620.137
2017,China,237189104.0,71267194.0
2017,Kenya,229704654.975,44757112.84
2017,Czechia,169521200.0,22321813.116
2017,Slovakia,168635791.676,27873580.0
2017,Sweden,156716842.119,25101597.807
2017,United Rep. of Tanzania,127183294.08999999,42133904.6
2017,El Salvador,120945230.92999999,32646096.54
2017,Lao People's Dem. Rep.,95488025.0,30172272.955
2017,Austria,89457973.07699999,12622920.882000001
2017,Portugal,87628383.044,13418305.859
2017,Bulgaria,87213113.48200001,15333780.0
2017,C�te d'Ivoire,70770405.504,39888886.005
2017,Finland,68937258.28,16142805.929
2017,Rwanda,67651479.63599999,20316137.150000002
2017,Lithuania,54599362.0,7355465.2
2017,Luxembourg,54316475.97,8358703.47
2017,"China, Hong Kong SAR",47423264.186,7091732.0
2017,Hungary,46728334.0,1010885.199
2017,Cameroon,41293731.8,28636299.0
2017,Denmark,39408784.848,4681406.0
2017,Singapore,37559666.928,5352345.99
2017,Burundi,36671210.473,13913952.0
2017,Russian Federation,36191657.56,6614378.137
2017,Latvia,32569030.838000003,4729235.652
2017,Slovenia,29673966.06,6587464.2700000005
2017,"Other Asia, nes",28399998.95,2445403.666
2017,Japan,26770651.535,2596619.0
2017,Panama,26476173.0,3414152.064
2017,United Arab Emirates,25609478.339,8236884.0
2017,Ireland,25474219.563,3721521.0
2017,Australia,24966159.16,2715023.71
2017,Jamaica,22921778.36,598942.4
2017,Lebanon,22581204.0,2504223.066
2017,South Africa,22338035.38,4438821.874
2017,Dem. Rep. of the Congo,19553061.287,10868792.0
2017,Ecuador,17499466.259999998,5131569.07
2017,T�rkiye,17139369.0,3903425.0
2017,Greece,16531095.154,2614588.0
2017,Croatia,16344117.0,2805968.97
2017,Timor-Leste,13977042.09,5767863.55
2017,Malaysia,12602570.434,10644203.44
2017,Romania,11878470.34,1362154.757
2017,Estonia,10597430.689,2361829.8000000003
2017,Bolivia (Plurinational State of),10010661.78,1512036.52
2017,Jordan,9651487.941,1547791.3599999999
2017,Dominican Rep.,9504466.75,1519363.5620000002
2017,Norway,8126828.168,1081519.0
2017,Serbia,6539916.0,976859.167
2017,Zambia,6205703.589,2083098.5760000001
2017,Saudi Arabia,6166894.264,1708861.0
2017,Cuba,5253379.21,983397.54
2017,Bosnia Herzegovina,5039861.08,1027860.53
2017,Oman,4623102.3149999995,907119.0
2017,Israel,4603000.0,604712.944
2017,Kuwait,4273021.079,745268.12
2017,Rep. of Korea,3752385.0,498060.78
2017,Madagascar,3272513.439,1768673.85
2017,Armenia,3235306.0,813262.28
2017,Thailand,3008901.99,494487.516
2017,State of Palestine,2889142.738,304757.875
2017,New Zealand,2858912.969,296674.0
2017,Malawi,2473825.162,697918.0
2017,Myanmar,2027353.22,759671.0
2017,North Macedonia,1621964.3599999999,298028.0
2017,Argentina,1459924.77,201315.66
2017,Belarus,1174600.0,443987.0
2017,Ukraine,1072670.24,166221.64
2017,Angola,1046617.06,351475.946
2017,Morocco,943521.945,146547.77
2017,Cyprus,928973.966,84349.0
2017,Nepal,782483.214,94735.25
2017,Togo,771452.948,2054685.0
2017,Sierra Leone,740052.986,798000.0
2017,Haiti,565685.8690000001,78012.01000000001
2017,Burkina Faso,523669.44,5081616.132
2017,Zimbabwe,497115.52999999997,133687.92
2017,Bahrain,441126.14800000004,61360.17
2017,Montenegro,430677.032,89534.8
2017,Albania,351076.176,49760.8
2017,Egypt,290075.893,27017.929
2017,Niger,249216.668,242302.0
2017,Trinidad and Tobago,216667.158,24556.31
2017,Sri Lanka,191915.633,13793.6
2017,Tunisia,178422.775,11120.0
2017,Philippines,156040.0,33311.8
2017,Rep. of Moldova,150302.0,11777.0
2017,Mauritius,113409.333,11628.0
2017,Botswana,113193.442,18984.2
2017,Malta,98357.884,12824.2
2017,Chile,85719.0,23797.0
2017,Iceland,84394.93000000001,5230.0
2017,Senegal,60238.033,20963.0
2017,Ghana,54685.019,11988.31
2017,Algeria,54534.469999999994,7369.0
2017,Georgia,53647.0,8532.2
2017,"China, Macao SAR",52632.092,3999.0
2017,Fiji,50741.811,6856.0
2017,Sudan,40498.0,6266.0
2017,Antigua and Barbuda,35977.905,1318.67
2017,Saint Lucia,34340.192,4727.38
2017,Sao Tome and Principe,29741.127,5874.0
2017,Namibia,25115.212,3852.02
2017,Cambodia,23354.739999999998,5203.289000000001
2017,French Polynesia,21593.005,732.0
2017,Qatar,20440.537,0.0
2017,Uruguay,19908.0,2717.79
2017,Andorra,17244.239,515.0
2017,Mozambique,11583.91,501.0
2017,Kazakhstan,9912.04,934.21
2017,Cura�ao,9217.932,1560.564
2017,Mongolia,7156.42,1136.0
2017,Libya,6830.0,882.0
2017,Barbados,5513.5,858.0
2017,Brunei Darussalam,4121.93,80.0
2017,Iran,3119.0,740.0
2017,Aruba,2679.8880000000004,202.0
2017,Gambia,2345.067,3035.0
2017,Bangladesh,2250.203,624.0
2017,Kyrgyzstan,1556.0,75.0
2017,Bhutan,1498.847,3900.0
2017,Belize,1462.3,169.911
2017,Lesotho,1431.81,473.55
2017,Mali,1365.6,44000.0
2017,Paraguay,634.0,129.0
2017,Guyana,610.947,58.0
2017,Uzbekistan,354.0,2360.0
2017,Gabon,300.196,366.0
2017,Bermuda,246.75,38.0
2017,Saint Kitts and Nevis,225.0,15.0
2017,Samoa,147.986,36.0
2017,Eswatini,97.174,3.1
2017,Greenland,76.92,98.0
2017,Dominica,18.519,5.0
2017,Tonga,9.021,4.5
2018,Brazil,4371733555.0,1828897572.275
2018,Viet Nam,2891547106.66,874114279.261
2018,Germany,2579823196.627,602678015.341
2018,Switzerland,2350446910.664,76825171.099
2018,Colombia,2335422710.03,722540479.05
2018,Italy,1708107671.393,232578349.0
2018,France,1167542984.681,118520579.183
2018,Honduras,1112180062.77,430167579.96
2018,USA,861203683.0,118710181.0
2018,Netherlands,828491656.536,126860467.007
2018,Indonesia,817789500.31,279959423.164
2018,Peru,682631069.99,261346913.47
2018,Guatemala,680906092.0,206089942.0
2018,India,514346021.92,231113517.51
2018,Canada,503757260.116,66987358.0
2018,Uganda,436083966.49,252239339.0
2018,Nicaragua,419814667.24,138498713.24
2018,Ethiopia,376972084.59000003,111390274.88
2018,Mexico,361386672.0,329488.729
2018,United Kingdom,357668735.789,35874073.002
2018,Poland,333629975.0,65582283.65
2018,Belgium,327559679.876,64906318.86
2018,Costa Rica,318485689.64,75607287.0
2018,Spain,267561804.264,44458550.534
2018,Kenya,231783534.872,46458368.02
2018,China,230495943.0,90751667.0
2018,Czechia,170259288.0,24999516.647
2018,Slovakia,170165955.195,30292536.427
2018,Sweden,149651719.31,25337939.319000002
2018,C�te d'Ivoire,138306992.91300002,76781636.0
2018,El Salvador,113403181.74,35185663.68
2018,Lao People's Dem. Rep.,96698968.0,26971218.400000002
2018,Portugal,93824537.997,14671942.061999999
2018,Austria,87551262.81899999,11193039.092
2018,Bulgaria,84835541.545,16073328.0
2018,Rwanda,82377049.638,26102116.223
2018,Luxembourg,55266458.162,8799583.681
2018,Lithuania,51915529.0,6903675.93
2018,Singapore,51113375.511,7557409.054
2018,Denmark,49216421.851,5680366.0
2018,Slovenia,46923593.84,12337206.93
2018,Hungary,46736133.0,528074.979
2018,Burundi,40971533.749,18398530.0
2018,Finland,40333983.261,9229874.097
2018,Russian Federation,36014653.81,6750075.17
2018,Latvia,34614316.787,5214820.977
2018,Cameroon,33989669.61,18981073.0
2018,United Arab Emirates,31036955.724,8003853.069
2018,Japan,30278084.52,2813581.0
2018,Australia,27467103.977,3268372.604
2018,Ireland,25809322.165,3700366.891
2018,Lebanon,24383867.0,2768623.956
2018,South Africa,23008098.404,4495482.85
2018,Panama,19939244.0,1872779.401
2018,Timor-Leste,19243641.32,7718907.5
2018,Greece,19001851.343,2755530.0
2018,T�rkiye,18859182.0,4203047.0
2018,"China, Hong Kong SAR",18463150.493,5632181.0
2018,Croatia,18266432.0,3178993.1
2018,Dem. Rep. of the Congo,17869812.887,12387778.0
2018,Jamaica,17532822.759999998,614281.73
2018,Malaysia,15967542.696,12591393.62
2018,Ecuador,13956764.783,4624491.14
2018,Dominican Rep.,11444765.01,2396110.886
2018,Romania,11186998.06,1487462.333
2018,"Other Asia, nes",10330251.57,1643755.64
2018,Bolivia (Plurinational State of),9426414.82,1410788.0
2018,Cyprus,9064349.836,1461049.102
2018,Jordan,8455972.198,1188598.0
2018,Saudi Arabia,8289283.436000001,1642273.5929999999
2018,Serbia,7647814.0,1309607.842
2018,Estonia,6488836.894,981009.2
2018,Cuba,6078247.01,1345316.5
2018,Israel,5698000.0,696179.983
2018,Bosnia Herzegovina,5522980.95,1093941.3800000001
2018,Kuwait,4968810.0,753794.8
2018,Rep. of Korea,4775780.0,419799.93
2018,Thailand,4308945.84,634378.13
2018,State of Palestine,4193187.166,424930.527
2018,United Rep. of Tanzania,4159612.157,19700626.342
2018,Armenia,4098280.11,994416.7100000001
2018,New Zealand,3872244.927,467216.0
2018,Norway,3492595.256,482737.0
2018,Myanmar,2845644.74,905492.0
2018,Togo,2259482.246,6056150.0
2018,Belarus,2156300.0,113974.0
2018,North Macedonia,2062931.07,357240.0
2018,Ukraine,1767023.1,254589.75999999998
2018,Malawi,1674820.994,405963.0
2018,Sierra Leone,1549247.03,1449848.0
2018,Zimbabwe,1405611.86,275400.0
2018,Argentina,1332693.85,171506.58000000002
2018,Angola,1311425.038,801357.0
2018,"China, Macao SAR",1263717.1509999998,12996.0
2018,Nepal,1005924.18,94696.0
2018,Morocco,941386.605,171300.37
2018,Oman,821232.6969999999,385500.0
2018,Zambia,543660.9060000001,163984.522
2018,Malta,426741.41,46857.0
2018,Qatar,339877.126,0.0
2018,Trinidad and Tobago,295847.759,34601.925
2018,Uruguay,267630.0,39020.0
2018,Niger,263313.926,242947.0
2018,Tunisia,225170.833,14302.0
2018,Rep. of Moldova,209798.0,17225.0
2018,Senegal,188363.186,49220.0
2018,Georgia,129961.29000000001,13312.25
2018,Philippines,128531.0,24013.28
2018,Bahrain,126388.563,26425.93
2018,Burkina Faso,109566.694,1773321.0
2018,Mauritius,98738.401,5825.0
2018,Albania,75204.174,13030.0
2018,Fiji,69812.286,8085.45
2018,Botswana,46778.024999999994,6978.99
2018,Antigua and Barbuda,37088.4,9157.52
2018,Ghana,34229.766,18445.0
2018,Egypt,31155.0,5680.329
2018,Chile,27502.0,3172.0
2018,Kazakhstan,27195.22,3725.31
2018,Saint Lucia,27142.2,4959.67
2018,Iceland,24763.615,1039.0
2018,Central African Rep.,22621.0,226574.0
2018,Montenegro,20126.350000000002,1435.53
2018,Cambodia,19297.21,5880.08
2018,Mozambique,18365.2,1181.0
2018,Sao Tome and Principe,17654.741,568.1
2018,Barbados,17280.0,846.0
2018,French Polynesia,14872.559000000001,585.0
2018,Iran,14088.0,3906.0
2018,Seychelles,10500.337,1085.0
2018,Namibia,9633.623,36.57
2018,Cura�ao,9385.448,1041.355
2018,Paraguay,8549.0,1342.0
2018,Aruba,7334.078,699.5
2018,Brunei Darussalam,5868.102,692.1
2018,Kyrgyzstan,5417.0,464.0
2018,Madagascar,4478.523999999999,545.38
2018,Andorra,4456.45,590.0
2018,Congo,4117.544,1349.0
2018,Mongolia,3294.76,700.0
2018,Mali,2979.85,17300.0
2018,Samoa,2882.384,170.0
2018,Belize,2723.76,528.198
2018,Bhutan,1828.02,6250.0
2018,Bermuda,1055.93,110.09
2018,Guyana,1032.03,49.6
2018,Pakistan,950.822,172.0
2018,Lesotho,885.175,214.875
2018,Gabon,810.224,393.0
2018,Eswatini,727.334,1821.0
2018,Uzbekistan,392.0,190.0
2018,Tajikistan,106.0,3.0
2018,Bahamas,23.979999999999997,3.175
2018,Grenada,20.0,4.0
2018,Solomon Isds,12.559,1.442
2018,Maldives,2.5,25.0
2019,Brazil,4584848752.0,2232814993.078
2019,Switzerland,2506584339.693,83810867.828
2019,Germany,2415404533.943,606666417.636
2019,Colombia,2363170296.96,769010988.357
2019,Viet Nam,2218821270.56,1421866169.455
2019,Italy,1743901222.995,272825027.628
2019,France,1235717129.0609999,57789960.041
2019,Honduras,955561279.23,412248496.208
2019,Indonesia,883123374.537,359053173.157
2019,USA,822498538.0,113149958.0
2019,Ethiopia,797189106.39,260038375.04
2019,Netherlands,779999309.424,128594098.636
2019,Guatemala,664299957.0,215118705.05
2019,Peru,636834747.93,232421638.57
2019,India,502744939.73,233758799.864
2019,Canada,501103115.16899997,69686052.0
2019,Nicaragua,460223507.49,170659004.58400002
2019,Uganda,438543858.44,277528670.0
2019,United Kingdom,354297574.765,38912530.757
2019,Belgium,334696241.71500003,69571141.39999999
2019,Poland,324093656.0,63903888.726
2019,Mexico,309016636.0,2596009.992
2019,Costa Rica,279442464.91,63507954.403
2019,Spain,257618998.581,43807346.705
2019,Kenya,204905022.95,50537300.85
2019,Czechia,172318101.0,26378396.671
2019,Slovakia,167000354.192,30859638.901
2019,C�te d'Ivoire,162307475.60300002,108535506.0
2019,United Rep. of Tanzania,153548302.1,77760428.689
2019,China,151981708.0,68824704.652
2019,Sweden,132834391.523,25635072.251000002
2019,Papua New Guinea,111782469.273,43197305.255
2019,El Salvador,109144975.56,35864337.14
2019,Austria,102252843.928,12367278.644
2019,Portugal,92797257.056,14540410.901
2019,Bulgaria,84744246.785,17871026.0
2019,Rwanda,74436070.82000001,26237770.32
2019,Lao People's Dem. Rep.,64322699.410000004,29228667.2
2019,Lithuania,62008010.0,8733888.0
2019,Hungary,51226043.0,412517.757
2019,Luxembourg,49905149.795,8847512.724
2019,Denmark,48073453.644999996,5310661.0
2019,Singapore,42159920.054,6021152.78
2019,Slovenia,41669313.4,11229763.17
2019,Russian Federation,38102719.46,7955880.517999999
2019,Burundi,37865038.166,22873849.248
2019,United Arab Emirates,37557951.604,9143994.57
2019,Finland,36090034.385,3311363.818
2019,Latvia,34679959.045,5259712.14
2019,Ireland,28477096.459999997,3822963.0
2019,Panama,27882418.0,2564874.279
2019,Japan,26750170.729,2421967.0
2019,Malaysia,26499273.412,18113758.25
2019,Australia,25137365.776,3396495.05
2019,Cameroon,25044506.25,18212897.0
2019,Lebanon,22663857.95,2823753.547
2019,Greece,20675318.459,2976926.0
2019,South Africa,19953270.443,4289067.16
2019,T�rkiye,19877345.0,4990064.0
2019,Timor-Leste,18323111.13,7031863.0
2019,Croatia,17968857.0,3277161.877
2019,Jamaica,15108664.952,540427.39
2019,Dem. Rep. of the Congo,14307245.169,11748620.0
2019,Romania,13445073.42,2214162.194
2019,Dominican Rep.,11372504.228,2844227.8430000003
2019,Saudi Arabia,9961757.351,2039742.372
2019,Jordan,9866273.901,1876676.0
2019,Ecuador,9243351.32,1857587.97
2019,Togo,8757366.071,5496814.0
2019,Bolivia (Plurinational State of),8583872.34,1235011.43
2019,"China, Hong Kong SAR",8427579.196,1460751.0
2019,"Other Asia, nes",8061998.58,1041880.625
2019,Estonia,7836782.305,1230081.1
2019,Serbia,7720033.0,1255201.0
2019,Cyprus,7550761.598,1342123.0
2019,Bosnia Herzegovina,5771483.63,1224903.06
2019,Israel,5412000.0,702279.01
2019,Norway,5140549.665,775429.0
2019,Cuba,5070034.42,948847.345
2019,Armenia,4163931.31,966590.62
2019,Rep. of Korea,4049808.0,590889.198
2019,Thailand,4027217.114,546084.423
2019,State of Palestine,3483516.6,623029.9010000001
2019,New Zealand,3395924.585,453969.0
2019,Zambia,3335122.246,1451899.949
2019,Belarus,2963700.0,740759.0
2019,Myanmar,2704195.63,1047506.0
2019,Malawi,2663220.221,942634.0
2019,Oman,2440207.844,682960.0
2019,Angola,2076693.561,1311683.0
2019,Morocco,2062367.511,336442.56
2019,North Macedonia,2046270.89,368299.0
2019,Zimbabwe,1966534.5999999999,452178.0
2019,Ukraine,1559197.43,226727.23
2019,Argentina,965199.86,111827.70000000001
2019,Albania,868731.1799999999,108857.9
2019,Nepal,856983.0,77513.0
2019,Trinidad and Tobago,408640.219,46151.0
2019,Kazakhstan,392353.93,41674.77
2019,Sri Lanka,375532.007,23902.64
2019,Qatar,356347.257,0.0
2019,Tunisia,351200.712,13011.0
2019,Kuwait,349292.0,56670.32
2019,Madagascar,347638.293,240383.03
2019,Rep. of Moldova,335861.0,27384.0
2019,Uruguay,286545.0,48350.0
2019,Philippines,242360.0,37037.89
2019,Chile,235373.97100000002,21338.074
2019,"China, Macao SAR",205573.123,2648.854
2019,Central African Rep.,189398.047,270000.0
2019,Bahrain,181382.58,16839.89
2019,Cabo Verde,170728.315,13576.0
2019,Georgia,117709.84,13280.77
2019,Egypt,115458.99,11927.704
2019,Mauritius,111600.732,7183.0
2019,Botswana,105967.665,14053.3
2019,Senegal,103292.84199999999,22612.0
2019,Ghana,88870.925,41232.52
2019,Eswatini,80430.84999999999,4720.7
2019,Mali,59368.13,65770.0
2019,Nigeria,58519.66,90214.0
2019,Antigua and Barbuda,49711.5,1552.01
2019,Fiji,44404.773,9685.71
2019,Montenegro,42914.359,4885.75
2019,Niger,36748.246,50445.0
2019,Saint Lucia,32032.54,4964.97
2019,Cura�ao,31172.965,3100.0
2019,Iceland,30115.332,1253.734
2019,Cambodia,26073.0,6000.0
2019,Barbados,25797.0,1831.0
2019,Namibia,25509.409,2716.52
2019,French Polynesia,21368.291,750.611
2019,Liberia,20000.0,24000.0
2019,Pakistan,19539.151,1450.0
2019,Burkina Faso,19420.111,468729.0
2019,Mozambique,18240.41,2407.0
2019,Iran,15357.249,3849.0
2019,Malta,14239.648,894.0
2019,Lesotho,13352.04,4478.562
2019,Sao Tome and Principe,8306.975,1286.5
2019,Paraguay,7837.0,1973.0
2019,Andorra,7156.476,1253.0
2019,Gambia,3537.224,10076.0
2019,Brunei Darussalam,3029.66,227.5
2019,Belize,3011.78,306.64
2019,Gabon,2570.735,1920.0
2019,Libya,2163.0,200.0
2019,Grenada,1774.815,174.0
2019,Kyrgyzstan,1735.0,421.0
2019,Comoros,1585.541,1200.0
2019,Congo,915.239,28.0
2019,Bermuda,421.66,20.0
2019,Aruba,300.558,46.0
2019,Guyana,237.416,101.0
2019,Uzbekistan,76.0,10.0
2019,Azerbaijan,50.0,0.4
2019,Tonga,42.601,2.0
2019,Tajikistan,24.0,1.0
2019,Bahamas,10.0,1.814
2020,Brazil,4996305136.0,2379100575.474
2020,Switzerland,2856587073.193,97923090.853
2020,Germany,2629241729.264,601681234.854
2020,Colombia,2522877928.46,706241959.13
2020,Viet Nam,1976606335.271,1241229062.981
2020,Italy,1731789063.553,256829063.0
2020,France,1424983126.986,64032585.489
2020,Honduras,871838646.3199999,322156739.84000003
2020,Indonesia,821932088.675,379352786.42
2020,Ethiopia,797979171.17,231725345.98
2020,Netherlands,795374165.141,120038050.154
2020,USA,785554853.0,109970790.0
2020,Guatemala,653306806.0,189700496.0
2020,Peru,640726736.47,213385000.32999998
2020,Uganda,515533904.0,330313125.0
2020,Canada,477804656.616,64687920.0
2020,India,464603997.115,207258862.385
2020,Nicaragua,440079458.03999996,150296911.27
2020,Mexico,410800992.0,4751328.833000001
2020,Belgium,358438078.164,72939846.44
2020,Poland,357938591.0,64554889.419
2020,United Kingdom,346650173.353,36710351.037
2020,Costa Rica,328998204.34000003,70130469.0
2020,Spain,290762630.202,59147640.216
2020,Kenya,215754811.775,45351527.626
2020,Czechia,169799888.0,24019085.452
2020,United Rep. of Tanzania,150385185.46,69453880.869
2020,Slovakia,148674679.808,28678069.0
2020,Sweden,141137948.376,24116041.683
2020,China,137552576.0,50605217.0
2020,Papua New Guinea,100414743.806,35009999.3
2020,Portugal,98233922.778,14658928.808
2020,El Salvador,92563320.26,27214866.03
2020,Bulgaria,91853218.426,17923420.0
2020,C�te d'Ivoire,90026599.285,66208651.016
2020,Austria,87932427.509,11256935.213
2020,Lao People's Dem. Rep.,85834695.09,42816424.0
2020,Rwanda,70528492.57,20913949.4
2020,Lithuania,63861880.0,8608264.857
2020,Denmark,57259710.133,5201906.0
2020,Russian Federation,50417846.109000005,11806537.57
2020,United Arab Emirates,46912695.545,9843994.52
2020,Luxembourg,43631281.594,7466006.576
2020,Slovenia,38738431.42,9846279.92
2020,Latvia,38544441.084,5680955.813
2020,Finland,37839829.563,8471996.666
2020,Singapore,36277641.296000004,5150390.79
2020,Hungary,34984027.0,511882.416
2020,Malaysia,34733584.275,16797383.919999998
2020,Japan,32434830.92,1946655.0
2020,Burundi,30612031.24,12934944.0
2020,T�rkiye,30342374.0,8355594.0
2020,Ireland,28003053.716,3770179.826
2020,Cameroon,27574685.46,21352047.3
2020,Panama,26018970.0,2552054.043
2020,Lebanon,22753735.0,2760293.0
2020,Australia,21780539.344,3615595.25
2020,Greece,21250607.976,2956273.0
2020,Croatia,20134364.0,3662049.1259999997
2020,Jamaica,17589836.43,629300.45
2020,Dem. Rep. of the Congo,17135106.577,12623891.0
2020,South Africa,15849920.791,5997383.955
2020,"Other Asia, nes",13179804.963,1708841.0
2020,Jordan,12960466.1,463549.77400000003
2020,Romania,12484470.17,1791596.125
2020,Timor-Leste,12297927.49,3736542.69
2020,Saudi Arabia,11274589.584999999,2950537.0
2020,Ecuador,9914100.816,1954928.612
2020,Serbia,9900674.0,1398019.17
2020,Bolivia (Plurinational State of),8685898.61,1269270.12
2020,Bosnia Herzegovina,7600046.029999999,1584851.67
2020,Dominican Rep.,7371914.11,1350141.04
2020,Estonia,6859949.2,1107275.4749999999
2020,Cuba,6832108.319999999,1358586.81
2020,Cyprus,6703938.955,1112664.0
2020,Zambia,6687228.466,2853336.103
2020,Norway,6093132.692,974895.0
2020,Togo,5849462.59,3519334.0
2020,"China, Hong Kong SAR",5287316.143,873692.0
2020,New Zealand,4886590.118,599300.468
2020,State of Palestine,4798974.5,1031442.9469999999
2020,Armenia,4725613.2299999995,1313637.0999999999
2020,Madagascar,4014474.951,3134349.62
2020,Rep. of Korea,3926089.0,681795.203
2020,Morocco,3154237.801,407224.85
2020,Belarus,3147000.0,932980.0
2020,Thailand,3020945.854,420998.995
2020,Israel,2655000.0,318391.091
2020,Kuwait,2591652.0,309115.16
2020,Myanmar,2437485.242,668430.83
2020,Oman,2413656.48,987667.0
2020,North Macedonia,1956752.3,360842.0
2020,Angola,1862979.187,1137282.143
2020,Malawi,1846208.212,579725.5
2020,Ukraine,1806320.14,365568.51999999996
2020,Nigeria,1672926.061,961582.0
2020,Philippines,1666881.0,258473.29200000002
2020,Albania,1188780.386,143520.94
2020,Zimbabwe,1166804.53,233697.5
2020,Argentina,825520.7,91015.26000000001
2020,Nepal,512656.96,49102.0
2020,Bahrain,451705.07999999996,40002.33
2020,Senegal,420337.544,86175.0
2020,Malta,414862.72000000003,109514.0
2020,Qatar,375317.457,0.0
2020,Uruguay,358057.0,55874.7
2020,Egypt,329090.045,54045.074
2020,Sri Lanka,328664.111,27427.21
2020,Trinidad and Tobago,311726.75399999996,45966.031
2020,Cayman Isds,302085.659,82652.693
2020,Rep. of Moldova,263247.0,21055.881
2020,Mauritius,205879.822,13027.0
2020,Georgia,176000.83,48504.44
2020,"China, Macao SAR",163018.46,39854.0
2020,Fiji,124528.48,33089.38
2020,Chile,111376.42,42570.92
2020,Burkina Faso,104397.431,1305148.0
2020,Tunisia,90963.7,7480.0
2020,Iceland,60902.299,6308.392
2020,Kazakhstan,53580.14,16046.756
2020,Mozambique,38285.340000000004,5685.0
2020,Uzbekistan,34910.0,1730.0
2020,Antigua and Barbuda,31543.591,1187.99
2020,Iran,30414.0,11667.0
2020,Aruba,30221.787,4197.0
2020,Montenegro,23435.912,2649.22
2020,Pakistan,16120.952,800.0
2020,Lesotho,13573.641,1721.85
2020,Namibia,12623.38,4674.09
2020,Azerbaijan,11878.3,689.8
2020,Saint Lucia,10797.89,1709.5900000000001
2020,Sao Tome and Principe,10340.186,1350.0
2020,Cambodia,10083.789999999999,2171.7
2020,Kyrgyzstan,7124.0,744.0
2020,French Polynesia,6576.716,271.38
2020,Bahamas,6000.0,335.658
2020,Barbados,5749.0,337.0
2020,Guyana,3798.559,120.0
2020,Cura�ao,3687.1499999999996,1300.0
2020,Botswana,2843.659,221.7
2020,Mali,2738.629,3387.0
2020,Eswatini,2378.94,150.6
2020,Paraguay,2310.0,294.0
2020,Belize,1729.7,176.172
2020,Bermuda,1546.42,89.67
2020,Andorra,1521.399,375.0
2020,Gambia,1318.618,1687.0
2020,Gabon,901.153,411.0
2020,Benin,870.63,1340.0
2020,Saint Vincent and the Grenadines,407.4,20.0
2020,Brunei Darussalam,244.13,37.0
2020,Tonga,134.513,9.4
2021,Brazil,5833256606.0,2288409265.912
2021,Switzerland,3600508956.661,108948007.19399999
2021,Colombia,3188816362.92,700641264.722
2021,Germany,3007827519.78,619997882.594
2021,Viet Nam,2155507660.546,1199631677.088
2021,Italy,2099112453.001,289818115.0
2021,France,1349004345.11,63611016.436
2021,Honduras,1292003033.71,389585906.05
2021,Ethiopia,1189214459.41,304209134.91
2021,Guatemala,928857334.0,226310504.0
2021,Netherlands,906551815.9120001,127107978.27
2021,Indonesia,858558097.729,387263647.584
2021,USA,825569718.0,113700674.0
2021,Peru,758569328.11,191964862.951
2021,Uganda,718958518.31,408220619.8
2021,India,627239558.166,264411862.204
2021,Canada,588254465.561,75340209.167
2021,Nicaragua,509681503.46,153152052.21
2021,Belgium,410289903.502,68089310.23
2021,Poland,397911768.0,65720438.932
2021,Mexico,375780623.0,772593.0
2021,Spain,360240936.113,69308184.041
2021,United Kingdom,354490678.795,46214322.532
2021,Costa Rica,331964252.83,69546413.74
2021,Kenya,247976591.702,39878028.73
2021,Czechia,177899589.0,21460783.031
2021,United Rep. of Tanzania,171526386.83,76772218.272
2021,Sweden,160915901.862,24802824.93
2021,Papua New Guinea,152843635.975,40767336.1
2021,Slovakia,136470320.353,24058802.0
2021,Portugal,125247890.103,17436792.845
2021,El Salvador,111100093.93,29197310.3
2021,China,101712862.0,26941696.0
2021,Austria,101412096.251,12453332.641
2021,Denmark,94561157.557,8623629.0
2021,Lao People's Dem. Rep.,89911039.21000001,38743318.0
2021,Bulgaria,86923528.358,16585724.0
2021,Rwanda,84770775.92,19086167.65
2021,United Arab Emirates,71741709.934,13634220.993
2021,Lithuania,69061371.0,8655260.98
2021,Russian Federation,64577040.088,15101094.892
2021,Hungary,47273419.0,397037.175
2021,Singapore,46318291.923,6314114.399
2021,Luxembourg,45373796.488,6930929.026000001
2021,Finland,44423358.216,9750914.157
2021,Slovenia,44123082.028000005,9922270.647
2021,Latvia,39113405.377,5251979.458
2021,Japan,38493455.004,2485586.0
2021,C�te d'Ivoire,36763890.328,26301136.008
2021,T�rkiye,35024512.0,7765970.0
2021,Burundi,28540707.1,10305283.5
2021,Greece,27820907.227,3013640.0
2021,Malaysia,27611929.411000002,15722929.16
2021,Timor-Leste,27611677.4,7507827.71
2021,Panama,27205978.0,1751690.0
2021,Ireland,24492344.825,3363783.321
2021,Cameroon,23197666.9,14364268.56
2021,South Africa,21191466.694,4104270.0670000003
2021,Lebanon,20983704.0,2939945.0
2021,Australia,20041246.753,2581106.3819999998
2021,Jamaica,19474917.85,689871.78
2021,Dem. Rep. of the Congo,19000196.335,9960257.0
2021,Romania,17795501.6,3800094.917
2021,Saudi Arabia,17568189.163,3892576.0
2021,Croatia,17410861.0,3027276.19
2021,Ecuador,16477139.46,4063316.671
2021,"Other Asia, nes",16409660.905,1930624.704
2021,Zambia,15022719.5,3786410.0
2021,Jordan,13046966.496,1806322.357
2021,Dominican Rep.,12226537.547,2293845.154
2021,Serbia,10221749.0,1465218.0
2021,Bolivia (Plurinational State of),10207735.5,1694382.64
2021,Cuba,8815516.48,1457655.737
2021,Bosnia Herzegovina,8087975.35,1639766.82
2021,Armenia,6490156.26,1864801.21
2021,Uruguay,5910609.0,603112.7
2021,Belarus,5833400.0,1605156.0
2021,Rep. of Korea,5554741.0,1024698.784
2021,Norway,5423475.418,753322.0
2021,Estonia,5281928.52,844298.221
2021,"China, Hong Kong SAR",4811317.06,796068.0
2021,Kuwait,4700640.0,597623.166
2021,Myanmar,3913635.298,1364827.232
2021,Thailand,3774062.046,564632.594
2021,Togo,3748170.447,2878128.0
2021,State of Palestine,3508449.5999999996,736208.577
2021,Morocco,3351223.1040000003,414916.17
2021,New Zealand,3140126.595,328339.0
2021,Malawi,2779293.031,628435.8
2021,Israel,2717000.0,414625.334
2021,North Macedonia,2302503.17,437221.666
2021,Angola,2258313.448,1226148.4440000001
2021,Ukraine,1969962.74,289543.61
2021,Cyprus,1427655.077,219605.0
2021,Egypt,1394689.374,313498.146
2021,Albania,1277378.387,156217.6
2021,"China, Macao SAR",1169006.112,261981.0
2021,Oman,1156429.128,499894.0
2021,Zimbabwe,1017761.0599999999,187505.0
2021,Bahrain,966712.3620000001,54635.33
2021,Nepal,780102.04,62023.0
2021,Djibouti,674944.211,187601.3
2021,Rep. of Moldova,530910.0,42186.0
2021,Mauritius,529478.396,42699.0
2021,Madagascar,497655.917,530147.81
2021,Fiji,438652.741,139604.36
2021,Trinidad and Tobago,435960.012,53602.226
2021,Georgia,411038.64,114186.40999999999
2021,Sri Lanka,369180.292,76754.35
2021,Philippines,345333.0,86205.962
2021,Senegal,290297.478,54101.0
2021,Malta,285731.133,84378.0
2021,Chile,272794.514,102355.356
2021,Argentina,272077.26,36464.78
2021,Nigeria,213181.489,172700.0
2021,Tunisia,198912.21899999998,15577.0
2021,Kazakhstan,66345.66,9262.456
2021,Iceland,58282.168,11167.521
2021,Burkina Faso,55618.405000000006,731468.0
2021,Congo,52963.810000000005,4352.0
2021,Antigua and Barbuda,47557.693,1779.75
2021,Mozambique,40568.04,8689.0
2021,Iran,26024.0,10588.0
2021,Cambodia,25751.670000000002,6142.55
2021,Montenegro,21092.827,1523.55
2021,Pakistan,20501.282,11430.0
2021,Qatar,19717.118,0.0
2021,Niger,18033.2,24000.0
2021,Botswana,16821.481,4165.3
2021,Mali,15512.574,50241.0
2021,Namibia,12420.543,2486.07
2021,Cabo Verde,10580.906,1038.0
2021,Gabon,10402.356,4498.0
2021,French Polynesia,9454.562,979.88
2021,Lesotho,7579.496,4045.344
2021,Eswatini,5282.5,731.4
2021,Ghana,5155.919000000001,612.0
2021,Belize,4510.175,517.349
2021,Sao Tome and Principe,3585.409,75.5
2021,Dominica,2798.146,1199.0
2021,Barbados,2720.0,126.0
2021,Aruba,1735.754,678.0
2021,Kyrgyzstan,1708.0,319.0
2021,Samoa,1690.667,45.0
2021,Gambia,1186.94,1369.0
2021,Guyana,868.968,70.0
2021,Andorra,820.482,47.6
2021,Paraguay,679.0,95.0
2021,Grenada,334.444,31.0
2021,Brunei Darussalam,125.67999999999999,41.0
2021,Tonga,97.446,8.0
2021,Bermuda,83.15,2.0
2021,Saint Vincent and the Grenadines,38.889,1.0
2021,Maldives,4.005,4.0
2022,Brazil,8542533005.0,2135491315.379
2022,Colombia,4108628844.15,642673745.17
2022,Germany,3585977799.611,604180607.115
2022,Switzerland,3417327779.936,109365057.054
2022,Viet Nam,2952034941.249,1393027413.376
2022,Italy,2372489832.011,306609361.0
2022,Ethiopia,1513902450.279,273804116.36
2022,USA,1199286119.0,149652513.0
2022,France,1191370730.843,60260335.034
2022,Peru,1188902260.901,237189201.744
2022,Indonesia,1148383254.926,437551783.904
2022,Guatemala,1115975643.0,194021401.0
2022,Netherlands,1107710873.255,160663747.558
2022,Uganda,859488192.9399999,371204801.1
2022,Canada,850625196.074,84706732.629
2022,India,760839951.63,271296649.503
2022,Nicaragua,716440370.86,156889109.2
2022,Mexico,676270253.0,1885215.0
2022,Poland,514291602.0,71635222.397
2022,Belgium,464898227.508,67929169.0
2022,Spain,383849079.682,78902919.455
2022,Costa Rica,376215974.28,62858308.632
2022,Kenya,326545492.125,50885084.89
2022,United Kingdom,277874254.726,42674831.364
2022,China,219105030.0,47070309.927
2022,Papua New Guinea,207382070.736,43884397.18
2022,Sweden,204380223.304,25786796.768999998
2022,Czechia,196378085.0,21285331.173
2022,United Rep. of Tanzania,182945376.64,61725645.379
2022,El Salvador,176976910.84,33925538.03
2022,Slovakia,176510501.288,28209460.287
2022,Timor-Leste,125354641.21000001,6079540.2
2022,Austria,123261690.44,14601216.504
2022,United Arab Emirates,122379676.174,25744440.246
2022,Portugal,122355662.234,16148776.336
2022,Lithuania,116362664.0,14078784.417
2022,Denmark,109139536.196,9130314.0
2022,Bulgaria,98282377.795,14138700.303
2022,Rwanda,96101397.83,17831533.9
2022,Lao People's Dem. Rep.,95655699.95,32268660.5
2022,C�te d'Ivoire,95343023.423,54489451.005
2022,Finland,90855269.834,15751942.267
2022,T�rkiye,65063179.0,10772631.0
2022,Luxembourg,61509721.041999996,8583601.699
2022,Hungary,55834020.0,524864.037
2022,Slovenia,54397328.162999995,10968797.219
2022,Burundi,53851791.19,14014317.4
2022,Singapore,53447366.683,6501223.149999999
2022,Latvia,53439772.794,6572525.481
2022,Malaysia,30021153.693,14026840.61
2022,Ecuador,28354236.0,5663171.9
2022,Japan,28265090.688,1756892.0
2022,Lebanon,28019642.0,4756149.0
2022,Greece,26128856.533,2810397.77
2022,Panama,25790201.0,1664980.0
2022,Zambia,23674318.28,4933476.0
2022,Australia,23311379.256,2686166.41
2022,Jamaica,22931592.5,733116.16
2022,Cameroon,22624438.004,10476239.2
2022,Armenia,22008494.74,4959963.9
2022,Estonia,21917128.72,3638806.792
2022,Saudi Arabia,21086844.538,3369627.0
2022,Romania,21041154.169999998,3224671.807
2022,Ireland,20455506.494,2858425.0
2022,South Africa,19917084.971,3490453.03
2022,Croatia,19343417.0,2838954.085
2022,Jordan,18730645.549,2549503.515
2022,Bolivia (Plurinational State of),16302668.11,2482716.29
2022,"Other Asia, nes",13912494.790000001,1184756.488
2022,Serbia,13405181.0,1742129.0
2022,Myanmar,13337514.22,2046614.72
2022,Uruguay,9500899.0,830934.7
2022,State of Palestine,9407366.282,1349857.493
2022,"China, Hong Kong SAR",8998364.486,1529138.0
2022,Togo,8536511.299,5154120.0
2022,Bosnia Herzegovina,7895577.26,1430758.75
2022,Dem. Rep. of the Congo,7133078.0600000005,3679662.0
2022,Rep. of Korea,6253580.0,981911.909
2022,Cuba,5953756.18,983204.15
2022,Norway,5760137.747,632914.0
2022,Dominican Rep.,4912389.896,524840.409
2022,Thailand,3846310.5,631660.825
2022,New Zealand,3616670.808,430135.0
2022,Kuwait,3054056.279,531176.417
2022,Egypt,2419654.0,269264.077
2022,Israel,2345000.0,308457.61699999997
2022,Malawi,2336588.822,499600.6
2022,Morocco,2233363.502,246334.69
2022,Georgia,2156077.149,540883.41
2022,North Macedonia,1937001.23,309706.0
2022,Kazakhstan,1520769.82,132805.50199999998
2022,Ukraine,1476146.45,200423.99
2022,Argentina,1317179.5,135125.8
2022,"China, Macao SAR",1097146.651,257675.0
2022,Oman,1051313.391,186022.766
2022,Nepal,867344.564,66338.0
2022,Cyprus,819644.613,77534.121
2022,Rep. of Moldova,642767.0,44501.0
2022,Zimbabwe,636736.93,119452.0
2022,Bahrain,580179.36,49870.87
2022,Fiji,497912.021,134404.69
2022,Chile,493869.69,137181.71000000002
2022,Philippines,434051.0,73665.562
2022,Burkina Faso,413305.406,4690001.0
2022,Trinidad and Tobago,334261.287,28369.516
2022,Sri Lanka,320441.21,27309.31
2022,Mali,279604.344,1819000.0
2022,Ghana,242507.27,165209.5
2022,Senegal,222144.635,135060.0
2022,Tunisia,181543.848,10792.0
2022,Cayman Isds,155771.353,35287.39
2022,Iceland,128638.852,10176.44
2022,Mauritius,120049.429,16012.0
2022,Antigua and Barbuda,81177.963,2092.4300000000003
2022,Albania,75361.765,8977.38
2022,Gabon,74305.02799999999,47329.0
2022,Botswana,73959.868,11946.16
2022,Aruba,63562.01,2136.84
2022,Mozambique,63215.47,8992.0
2022,Uzbekistan,54626.0,9521.039999999999
2022,Nigeria,48720.819,25000.0
2022,Djibouti,45665.356,100720.0
2022,Iran,44788.0,13095.0
2022,Namibia,32608.786,7376.83
2022,Malta,30732.171,10920.158
2022,Montenegro,28236.104,2763.14
2022,Cambodia,25000.0,5010.0
2022,Sao Tome and Principe,24233.588,3303.75
2022,Cabo Verde,16011.969,1554.0
2022,Kyrgyzstan,14560.0,679.0
2022,Madagascar,10992.894,1211.77
2022,French Polynesia,9193.122,373.216
2022,Samoa,7578.356000000001,822.0
2022,Belize,5726.345,567.492
2022,Paraguay,4648.0,572.81
2022,Lesotho,3397.475,331.01
2022,Azerbaijan,1925.29,440.0
2022,Andorra,1885.972,238.44
2022,Eswatini,1548.5700000000002,945.7
2022,Brunei Darussalam,724.0630000000001,46.83
2022,Guyana,585.525,59.42
2022,Congo,399.53,500.0
2022,Barbados,226.0,36.0
2022,Tonga,159.052,22.0
2022,Bermuda,150.0,7.0
2022,Benin,77.826,24.0
2022,Gambia,35.822,43.0
2022,Bahamas,18.0,0.454
2022,Saint Vincent and the Grenadines,10.0,0.3
2023,Brazil,7350813207.0,2121099053.626
2023,Switzerland,3641496441.7469997,102682707.989
2023,Germany,3533952608.685,575470621.012
2023,Viet Nam,3183873274.423,1077072475.825
2023,Colombia,2914732640.71,591664802.11
2023,Italy,2594985047.383,303172808.0
2023,Honduras,1487787875.99,343208617.75
2023,France,1282302677.0609999,63681888.362
2023,Ethiopia,1225642096.907,236075527.82
2023,USA,1193489368.0,145566986.0
2023,Netherlands,1053163695.657,137953215.284
2023,Uganda,955077649.29,370486462.0
2023,Guatemala,949428873.0,182501598.0
2023,Indonesia,929008813.518,279936919.715
2023,Peru,829281631.89,204797619.533
2023,Canada,764022900.631,81436996.0
2023,India,746477839.606,233332261.04
2023,Nicaragua,609437599.36,140377577.16
2023,Poland,538929767.0,72016516.155
2023,Belgium,518333295.64,70204176.323
2023,Mexico,473782330.0,269080.0
2023,Spain,419426387.472,62552837.921000004
2023,Costa Rica,351362853.512,60651788.739
2023,Kenya,259360450.607,50891098.91
2023,United Kingdom,234361134.155,32109366.908
2023,United Rep. of Tanzania,232465748.29,88187579.288
2023,Czechia,228101985.0,26358350.213
2023,Papua New Guinea,227414287.14,59016099.050000004
2023,Sweden,204433923.822,25148452.697
2023,United Arab Emirates,174684219.585,34626451.29
2023,Slovakia,157301971.638,23336992.498
2023,Austria,147715389.995,15983843.851
2023,El Salvador,147114575.0,29232631.23
2023,Portugal,130463779.42999999,16532141.479
2023,Denmark,128338274.499,10436357.236
2023,Lithuania,117118229.0,12580552.069
2023,Bulgaria,97991852.52,13642572.782
2023,Lao People's Dem. Rep.,95095770.36999999,37294759.7
2023,China,77898556.0,17828762.294
2023,C�te d'Ivoire,62036361.747999996,34013853.01
2023,Slovenia,61845248.801,11315418.081
2023,T�rkiye,60299441.0,9039946.0
2023,Singapore,55335121.766,6497209.513
2023,Luxembourg,54527732.256,6815246.68
2023,Latvia,49441886.724,5509941.04
2023,Finland,45973998.75,7697158.42
2023,Malaysia,44360897.106,17128948.111
2023,Hungary,41833913.06,4475612.983
2023,Burundi,41112624.530999996,10359605.797
2023,Greece,34344615.231,3455425.367
2023,Cameroon,32174662.998,13313981.9
2023,Panama,29430023.0,1682236.0
2023,Jamaica,27125854.91,818925.74
2023,Lebanon,26921869.0,3073220.485
2023,Estonia,26896867.59,5678759.471999999
2023,Ireland,23545962.810999997,3166671.556
2023,Croatia,23349888.0,2877331.7569999998
2023,Zambia,23116541.049,5636947.3
2023,Romania,22521713.400000002,2641042.8819999998
2023,Australia,22312365.356000002,2717491.187
2023,Japan,22007353.216000002,1560983.297
2023,South Africa,21519136.832,3686639.737
2023,Armenia,21417228.45,4863372.370999999
2023,Saudi Arabia,21381661.601999998,4081312.631
2023,Jordan,21138140.246,3271114.633
2023,Dominican Rep.,19940305.411000002,3168123.812
2023,Dem. Rep. of the Congo,18828811.148000002,7897948.0
2023,Serbia,15203602.0,1611826.0
2023,Timor-Leste,14572238.709999999,5881470.65
2023,"Other Asia, nes",14093469.898,1156396.371
2023,"China, Hong Kong SAR",13343991.697,1588117.0
2023,Ecuador,12611113.0,683483.604
2023,Bolivia (Plurinational State of),11734347.459999999,1793202.0
2023,Uruguay,10616689.0,761880.98
2023,Myanmar,9938799.541000001,1743294.0
2023,Yemen,9493827.958999999,4344937.448
2023,Bosnia Herzegovina,8710931.582,1459352.18
2023,Norway,8319245.481,915030.0
2023,Togo,8293013.503,6576764.0
2023,State of Palestine,8211357.723999999,1494568.704
2023,Rep. of Korea,7273878.0,821577.82
2023,Thailand,4947319.568,498846.741
2023,New Zealand,4045036.884,428854.0
2023,Kuwait,4009777.582,486464.689
2023,Angola,3520004.071,1347277.84
2023,Ukraine,2744474.54,317436.939
2023,Kazakhstan,2384201.77,276486.16000000003
2023,North Macedonia,2199159.216,333368.0
2023,Egypt,2043632.43,190667.41900000002
2023,Morocco,2001370.692,253649.49
2023,Albania,1906972.263,224167.34
2023,Argentina,1760913.5099999998,179292.8
2023,Malawi,1596948.03,395810.606
2023,Israel,1481000.0,171058.923
2023,Cyprus,1471969.897,146873.0
2023,Georgia,1426012.28,321910.48
2023,"China, Macao SAR",1377468.695,288346.0
2023,Oman,1332842.651,309385.124
2023,Chile,1134879.58,339026.255
2023,Zimbabwe,788907.3,162126.0
2023,Bahrain,705347.887,74773.783
2023,Trinidad and Tobago,702010.3439999999,95856.0
2023,Fiji,675827.782,164006.54
2023,Rep. of Moldova,668937.0,41850.533
2023,Burkina Faso,523459.536,5896126.0
2023,Philippines,511265.0,123304.34
2023,Qatar,437421.035,0.0
2023,Sri Lanka,352919.74199999997,23773.690000000002
2023,Madagascar,305039.846,60940.91
2023,Tunisia,270335.262,10042.0
2023,Senegal,246628.912,93330.048
2023,Namibia,172033.752,15753.390000000001
2023,Liberia,145000.0,2400.0
2023,Ghana,136603.684,104082.073
2023,Malta,101943.086,6530.0
2023,Nigeria,78740.857,52900.0
2023,Cambodia,70032.49,11246.36
2023,Mauritius,68081.33,836.0
2023,Djibouti,65451.013,18225.0
2023,Antigua and Barbuda,65016.581999999995,460.0
2023,Mozambique,60000.0,9337.0
2023,Mali,59944.181,494000.0
2023,Montenegro,52098.170999999995,4119.85
2023,Kyrgyzstan,41877.0,8526.0
2023,Iceland,39315.762,2189.273
2023,Sao Tome and Principe,38207.996999999996,4021.0
2023,Cabo Verde,35609.524000000005,4021.0
2023,Gabon,27916.509000000002,17895.0
2023,Central African Rep.,18097.047,88325.0
2023,Azerbaijan,17435.66,2552.0
2023,Paraguay,11428.949999999999,1095.25
2023,Uzbekistan,5841.0,1368.0
2023,Eswatini,5325.2699999999995,3326.64
2023,Botswana,3977.4249999999997,615.5699999999999
2023,Samoa,3054.837,378.5
2023,Belize,2200.0,250.0
2023,Lesotho,2059.844,72.92
2023,Aruba,1377.653,35.5
2023,Bhutan,1294.369,472.0
2023,Andorra,1041.019,76.0
2023,Bahamas,962.0,12.247
2023,Guyana,539.194,73.2
2023,Barbados,480.0,11.0
2023,Brunei Darussalam,253.15,7.74
2023,Tonga,159.58100000000002,19.183
2023,Dominica,154.074,15.0
2023,Saint Vincent and the Grenadines,65.555,0.0
2023,Benin,29.194,12.0
2024,Brazil,11373030987.0,2772872452.182
2024,Switzerland,3883239500.686,113580199.99
2024,Germany,3779197048.922,599997264.257
2024,Colombia,3545447941.3199997,667685035.619
2024,Italy,2745062838.046,305015294.0
2024,Indonesia,1638116467.82,316720649.022
2024,Uganda,1548069005.53,386120361.25
2024,France,1348740802.58,63051055.129999995
2024,Honduras,1281766983.45,295142365.96
2024,Netherlands,1183211166.046,144056718.743
2024,India,1111856941.336,255955088.23
2024,Peru,1101838799.279,238482116.043
2024,USA,1078058226.0,129958761.0
2024,Guatemala,917254374.0,189971072.122
2024,Canada,782221701.459,89334408.507
2024,Poland,632222846.0,77534856.233
2024,Belgium,570309302.3230001,82785996.33
2024,Nicaragua,526248448.0,122288760.5
2024,Mexico,465487224.0,2845931.0
2024,Spain,389625033.258,57746545.298
2024,Costa Rica,349015974.161,64041592.967999995
2024,United Kingdom,327099099.102,41549772.153
2024,United Rep. of Tanzania,303953028.558,84904837.34
2024,Kenya,297769684.654,55611439.86
2024,Czechia,222837809.0,25351436.356
2024,Sweden,207012400.344,23805331.088
2024,China,190507348.0,48707616.709
2024,Slovakia,142733792.681,20394009.639
2024,C�te d'Ivoire,141085213.765,61382869.005
2024,Denmark,140943836.192,11663626.0
2024,El Salvador,137121645.03,27382483.52
2024,Portugal,132906128.497,16841722.076
2024,Bulgaria,130632639.858,17329233.775
2024,Austria,128547039.566,14214158.04
2024,Lithuania,119122347.0,11701353.431
2024,T�rkiye,82175999.0,11643267.0
2024,Singapore,76734394.664,7140711.2299999995
2024,Slovenia,63946486.569,8768050.126
2024,Luxembourg,53558467.925,6366596.754
2024,Latvia,51406369.867,5511876.021
2024,Hungary,48777583.91,4553669.303
2024,Finland,45477728.89,6987809.727
2024,Saudi Arabia,44270920.494,7846699.405
2024,Dominican Rep.,41039326.061,5979924.203
2024,Greece,39930739.403000005,3474111.835
2024,Malaysia,38877567.021,12384037.766999999
2024,Jordan,36188710.269999996,6243854.28
2024,Estonia,32134778.42,6258313.749000001
2024,Lebanon,30260400.0,2816080.023
2024,Panama,30232079.0,1612379.751
2024,Madagascar,29923772.216000002,8559866.09
2024,Romania,29315788.85,2816828.773
2024,Ireland,27557742.046,2873628.149
2024,Japan,25731783.061,1650483.0
2024,Australia,24599520.384,2824969.155
2024,South Africa,22423058.128,3424250.06
2024,Croatia,21100037.0,2446778.059
2024,Jamaica,18768867.0,567234.45
2024,Armenia,15884312.85,2396710.13
2024,Serbia,15633222.0,1552749.257
2024,Zambia,15525348.832999999,7739309.0
2024,Bolivia (Plurinational State of),15216467.42,2436070.98
2024,"Other Asia, nes",13393620.168,1383048.0
2024,"China, Hong Kong SAR",12613038.744,944286.0
2024,Ecuador,12198698.454,1832511.749
2024,Myanmar,11142387.89,1997683.0
2024,Yemen,10774758.859000001,3655537.6
2024,Togo,9713455.220999999,4757042.0
2024,Uruguay,9567806.0,881630.0
2024,Bosnia Herzegovina,9523891.301,1435245.32
2024,Thailand,8901628.19,1181209.775
2024,Rep. of Korea,8259997.0,741869.441
2024,Norway,7131935.662,624835.0
2024,Angola,7115486.17,1285649.526
2024,Egypt,3942902.646,647735.594
2024,Kuwait,3918430.0,461029.248
2024,Malawi,3472295.254,932507.4
2024,Kazakhstan,3407115.19,391137.86000000004
2024,New Zealand,3381273.223,361215.453
2024,Morocco,3360756.0870000003,264246.81
2024,Ukraine,3109029.2600000002,358896.175
2024,North Macedonia,2686658.97,373268.0
2024,Albania,2592779.543,95746.16
2024,Cyprus,2354859.401,214804.395
2024,Israel,2173000.0,191890.224
2024,Georgia,2123804.321,336679.37
2024,Oman,1590697.006,220814.0
2024,Chile,873076.61,118297.05
2024,Zimbabwe,872337.103,192518.44999999998
2024,Philippines,828499.0,154800.6
2024,Qatar,746942.8439999999,0.0
2024,Bahrain,736821.725,50595.21
2024,Trinidad and Tobago,719603.603,93986.372
2024,"China, Macao SAR",716381.956,120971.306
2024,Rep. of Moldova,518686.0,35022.0
2024,Argentina,362504.69,34886.59
2024,Tunisia,351589.557,20183.07
2024,Sri Lanka,318807.347,21267.064
2024,Burkina Faso,242435.34,3497100.0
2024,Senegal,239940.223,53339.0
2024,Fiji,215926.024,44713.044
2024,Uzbekistan,146165.0,16230.0
2024,Algeria,122350.112,11984.114000000001
2024,Montenegro,72756.747,3631.42
2024,Paraguay,70655.59000000001,2353.51
2024,Mozambique,48709.6,7789.0
2024,Antigua and Barbuda,45445.067,188.632
2024,Mauritius,33491.308,3019.0
2024,Iceland,32578.902,1962.837
2024,Cambodia,30175.22,3799.36
2024,Nigeria,26993.402,50100.0
2024,Namibia,20335.152,2631.44
2024,Azerbaijan,15876.43,2270.61
2024,Samoa,9278.076,1380.0
2024,Suriname,4479.35,820.0
2024,Central African Rep.,2309.41,52040.0
2024,Bermuda,1842.76,101.0
2024,Belize,1452.6,97.884
2024,Malta,687.313,73.0
2024,Guyana,526.82,472.8
2024,Benin,346.083,180.0
2024,Lesotho,30.85,6.0
2024,Bahamas,14.0,1.814
2025,Brazil,14918395321.0,2274254323.233
2025,Germany,5554082283.141,605293037.436
2025,Switzerland,4231831249.717,112246136.061
2025,Italy,3700988329.333,299648208.712
2025,Indonesia,2513075019.561,511181960.882
2025,Netherlands,1808642158.717,172243218.0
2025,USA,1112831520.0,102197605.801
2025,Mexico,946260758.0,882456.0
2025,Belgium,911496520.628,99714879.478
2025,Poland,883725972.0,76846379.909
2025,Canada,755357925.581,76123218.0
2025,Spain,605254722.857,63898293.951
2025,United Kingdom,373646892.955,38034987.12
2025,Sweden,328783001.201,25918089.316
2025,Czechia,288041985.0,26288282.176000003
2025,Lithuania,189972090.0,13998312.809999999
2025,Portugal,187109400.851,17420990.552
2025,Denmark,170496259.206,11801718.0
2025,El Salvador,167707558.58,25838838.99
2025,Slovakia,155782457.26000002,15607922.0
2025,T�rkiye,126510485.0,14418022.0
2025,Slovenia,103033162.492,10108474.976
2025,Luxembourg,84206691.638,7288970.086
2025,Finland,71065675.111,6427133.01
2025,Latvia,68941980.426,5157476.245
2025,Hungary,67816848.051,4431529.053
2025,Malaysia,64036127.907,14440778.644
2025,Romania,41428999.14,3104945.609
2025,Ireland,39149491.809999995,2654453.108
2025,Panama,37674974.0,1659534.0
2025,Armenia,36141059.42,4207936.126
2025,South Africa,34282734.567,4489158.05
2025,Croatia,33252934.0,2985237.018
2025,Australia,27708234.064,2515803.19
2025,Japan,26764271.577,1458823.0
2025,Estonia,24958232.87,2846816.967
2025,Serbia,21223024.0,1674151.423
2025,Bolivia (Plurinational State of),17075497.16,2147098.71
2025,"China, Hong Kong SAR",14445256.311999999,827773.0
2025,Bosnia Herzegovina,13854193.704,1398772.07
2025,Rep. of Korea,11969558.0,917738.874
2025,Norway,9728612.35,877342.0
2025,Togo,6023349.691000001,5452779.0
2025,Egypt,5415383.255,703398.245
2025,New Zealand,4612122.862,444931.852
2025,Georgia,3294098.017,540818.44
2025,Cyprus,3249577.2369999997,244759.0
2025,Chile,1166358.0699999998,92708.628
2025,Argentina,851339.76,53819.08
2025,Trinidad and Tobago,508873.734,40885.0
2025,"China, Macao SAR",400486.162,64572.32
2025,Rep. of Moldova,387047.0,26951.0
2025,Fiji,72502.211,10067.1
2025,Mauritius,36739.367,1450.0
2025,Iceland,35838.275,2809.067
2025,Barbados,22799.5,606.0
2025,Pakistan,15465.384,1740.0
2025,Azerbaijan,7605.11,260.9
2025,Paraguay,4335.62,215.0
2025,Kyrgyzstan,4239.0,151.0
2025,Guyana,602.471,104.49
2025,Belize,201.75,5.128
